Date,Year,Month,District,EventType,DurationDays,AltitudeZone,ZoneType,Rainfall_mm,AffectedPopulation,Deaths,Injured,Missing,Evacuated,HousesDestroyed,HousesDamaged,RoadBlockage_km,BridgesCollapsed,EconomicLossCr,FoodPacketsNeeded,MedicinesNeeded,RescueTeamsNeeded,SheltersRequired
2010-03-03,2010,3,Dehradun,Landslide,1,Low,Landslide-prone,58.2,670,2,6,1,108,2,17,1.01,0,0.82,216,6,2,1
2010-04-13,2010,4,Nainital,Avalanche,1,Medium,Landslide-prone,38.9,746,2,9,0,417,3,24,0.73,0,2.0,834,9,1,3
2010-04-22,2010,4,Bageshwar,Flood,1,High,Flood-prone,118.2,174,3,4,0,328,4,2,0.87,0,0.66,656,4,1,2
2010-04-26,2010,4,Champawat,Earthquake,1,Medium,Seismic,59.7,403,1,4,1,253,0,31,0.62,0,4.33,506,4,1,2
2010-05-04,2010,5,Pithoragarh,Flood,1,High,Flood-prone,89.6,3864,9,33,5,2815,31,271,1.19,1,9.4,5630,33,2,15
2010-05-16,2010,5,Bageshwar,Flood,1,High,Flood-prone,222.4,62537,5298,3603,530,43880,9464,59159,94.92,1,303.23,87760,4132,132,220
2010-06-09,2010,6,Pauri Garhwal,Flash Flood,1,Medium,Flood-prone,246.9,27956,241,417,35,2060,91,2465,12.08,3,48.92,4120,441,5,11
2010-07-15,2010,7,Champawat,Flood,1,Medium,Flood-prone,291.8,38482,36,115,21,5972,243,3653,7.74,1,156.69,11944,118,6,30
2010-07-15,2010,7,Nainital,Landslide,1,Medium,Landslide-prone,66.5,168,2,7,0,322,0,36,0.39,0,1.9,644,7,0,2
2010-08-09,2010,8,Nainital,Landslide,1,Medium,Landslide-prone,114.3,138,3,4,1,217,1,0,1.09,0,1.51,434,4,2,2
2010-08-27,2010,8,Uttarkashi,Flash Flood,1,High,Flood-prone,228.5,281,0,6,1,563,4,14,1.43,0,2.99,1126,6,2,3
2010-08-29,2010,8,Champawat,Landslide,3,Medium,Landslide-prone,91.0,387,3,3,1,583,4,33,0.39,0,3.51,1166,3,2,3
2010-09-10,2010,9,Chamoli,Flood,1,High,Flood-prone,179.2,711,1,11,2,633,1,18,0.23,0,4.67,1266,11,2,4
2010-09-25,2010,9,Udham Singh Nagar,Flood,1,Low,Flood-prone,219.1,3383,25,25,5,2657,46,221,4.36,0,10.93,5314,27,2,14
2010-10-12,2010,10,Tehri Garhwal,Landslide,1,Medium,Landslide-prone,0.0,158,2,10,1,573,1,17,1.42,0,3.37,1146,10,2,3
2010-11-03,2010,11,Rudraprayag,Flash Flood,1,High,Flood-prone,199.4,568,2,9,1,97,1,15,0.71,0,1.13,194,9,2,1
2010-11-08,2010,11,Udham Singh Nagar,Cloudburst,3,Low,Flood-prone,294.5,3376,6,119,2,2840,41,198,3.32,0,7.77,5680,119,2,15
2010-11-14,2010,11,Pauri Garhwal,Landslide,1,Medium,Landslide-prone,21.9,436,0,4,2,128,2,25,1.05,0,0.54,256,4,2,1
2010-12-16,2010,12,Haridwar,Cloudburst,2,Low,Flood-prone,266.5,738,2,14,1,387,2,37,1.3,0,0.62,774,14,2,2
2010-12-25,2010,12,Pithoragarh,Landslide,1,High,Landslide-prone,53.3,252,2,17,2,83,1,6,1.09,0,1.46,166,17,2,1
2011-01-24,2011,1,Pauri Garhwal,Landslide,1,Medium,Landslide-prone,14.3,657,1,3,0,498,3,21,0.54,0,2.27,996,3,1,3
2011-03-04,2011,3,Uttarkashi,Avalanche,1,High,Landslide-prone,29.9,4376,10,72,9,1719,29,194,5.06,0,7.69,3438,73,2,9
2011-03-05,2011,3,Chamoli,Cloudburst,1,High,Flood-prone,239.9,400,2,12,1,90,2,21,1.39,0,1.9,180,12,2,1
2011-03-08,2011,3,Champawat,Landslide,2,Medium,Landslide-prone,47.0,746,1,9,2,146,3,16,0.22,0,0.81,292,9,2,1
2011-03-19,2011,3,Pithoragarh,Earthquake,1,High,Seismic,23.4,9519,220,762,65,19568,567,3247,8.56,2,102.02,39136,784,12,98
2011-03-20,2011,3,Almora,Flood,1,Medium,Flood-prone,92.3,142,2,12,1,175,3,3,0.66,0,1.33,350,12,2,1
2011-04-09,2011,4,Nainital,Cloudburst,1,Medium,Flood-prone,262.1,684,2,3,1,201,3,14,1.5,0,1.76,402,3,2,2
2011-04-23,2011,4,Udham Singh Nagar,Flash Flood,1,Low,Flood-prone,135.8,4036,18,59,3,2992,28,157,1.4,1,21.73,5984,60,2,15
2011-04-25,2011,4,Tehri Garhwal,Flood,1,Medium,Flood-prone,149.3,691,1,7,0,297,3,23,0.5,0,0.98,594,7,1,2
2011-05-19,2011,5,Uttarkashi,Flash Flood,3,High,Flood-prone,208.9,581,3,5,0,205,5,1,0.87,0,4.35,410,5,1,2
2011-05-29,2011,5,Dehradun,Cloudburst,1,Low,Flood-prone,254.1,1430,7,89,7,1995,43,181,1.88,0,7.9,3990,89,2,10
2011-06-16,2011,6,Pauri Garhwal,Landslide,1,Medium,Landslide-prone,63.1,174,1,8,1,185,0,16,0.35,0,4.82,370,8,1,1
2011-07-11,2011,7,Pauri Garhwal,Landslide,1,Medium,Landslide-prone,92.2,10588,202,462,7,12828,289,1664,19.7,3,92.06,25656,482,4,65
2011-08-05,2011,8,Pauri Garhwal,Cloudburst,1,Medium,Flood-prone,305.1,3696,4,98,4,3194,64,147,5.46,1,25.29,6388,98,2,16
2011-08-07,2011,8,Champawat,Landslide,1,Medium,Landslide-prone,87.9,721,1,4,1,278,4,29,1.15,0,2.37,556,4,2,2
2011-08-24,2011,8,Chamoli,Landslide,1,High,Landslide-prone,91.2,681,2,7,0,329,1,41,0.52,0,0.61,658,7,1,2
2011-08-27,2011,8,Pauri Garhwal,Flood,7,Medium,Flood-prone,216.2,380,1,15,0,490,2,29,0.63,0,4.25,980,15,1,3
2011-08-30,2011,8,Uttarkashi,Flash Flood,1,High,Flood-prone,123.2,3715,7,104,2,1287,40,297,4.57,1,7.21,2574,104,2,7
2011-09-28,2011,9,Bageshwar,Flood,1,High,Flood-prone,257.9,195,0,6,1,266,2,36,0.52,0,4.03,532,6,2,2
2011-10-01,2011,10,Dehradun,Flood,1,Low,Flood-prone,163.5,271,3,14,0,241,4,39,0.67,0,2.87,482,14,1,2
2011-10-19,2011,10,Chamoli,Flood,2,High,Flood-prone,225.1,5243,10,11,3,890,45,225,3.76,0,22.68,1780,12,2,5
2011-10-22,2011,10,Chamoli,Landslide,1,High,Landslide-prone,54.9,269,4,15,1,109,2,38,1.35,0,0.8,218,15,2,1
2011-11-18,2011,11,Dehradun,Flood,1,Low,Flood-prone,153.3,2347,25,56,5,2748,44,191,4.89,1,15.34,5496,58,2,14
2011-11-20,2011,11,Uttarkashi,Flood,1,High,Flood-prone,216.6,3715,22,70,6,1700,17,245,2.04,0,20.43,3400,72,2,9
2011-11-22,2011,11,Pithoragarh,Landslide,4,High,Landslide-prone,46.7,125,2,12,2,627,5,3,1.23,0,3.41,1254,12,2,4
2011-11-24,2011,11,Bageshwar,Flood,1,High,Flood-prone,229.6,680,2,11,0,511,3,28,0.54,0,3.76,1022,11,1,3
2011-11-30,2011,11,Udham Singh Nagar,Flood,1,Low,Flood-prone,164.8,133,3,11,1,199,1,38,0.45,0,2.27,398,11,2,1
2011-12-07,2011,12,Rudraprayag,Landslide,1,High,Landslide-prone,52.9,906,2,8,1,395,5,13,0.53,0,4.76,790,8,2,2
2011-12-31,2011,12,Almora,Flash Flood,1,Medium,Flood-prone,144.9,39152,105,301,24,10890,386,3556,13.63,2,44.91,21780,311,7,55
2012-01-11,2012,1,Tehri Garhwal,Avalanche,1,Medium,Landslide-prone,30.7,2238,15,20,8,1831,15,89,1.51,0,18.87,3662,21,2,10
2012-01-14,2012,1,Nainital,Flash Flood,1,Medium,Flood-prone,152.0,235,2,5,2,543,1,9,0.62,0,3.53,1086,5,2,3
2012-01-18,2012,1,Bageshwar,Landslide,3,High,Landslide-prone,96.6,175,1,8,0,198,2,1,0.48,0,1.97,396,8,1,1
2012-01-30,2012,1,Chamoli,Flood,4,High,Flood-prone,145.5,150759,3551,3296,213,70258,3444,16876,10.1,1,2446.62,140516,3651,51,352
2012-02-17,2012,2,Bageshwar,Cloudburst,1,High,Flood-prone,246.1,362,2,6,0,356,4,32,0.26,0,1.49,712,6,1,2
2012-02-20,2012,2,Pauri Garhwal,Flood,1,Medium,Flood-prone,181.2,579,1,4,1,276,1,1,1.32,0,2.04,552,4,2,2
2012-04-22,2012,4,Nainital,Flash Flood,1,Medium,Flood-prone,90.8,266,1,4,0,382,3,25,0.7,0,4.39,764,4,1,2
2012-05-24,2012,5,Almora,Landslide,1,Medium,Landslide-prone,52.0,670,2,12,0,99,3,15,0.65,0,1.67,198,12,1,1
2012-05-31,2012,5,Pauri Garhwal,Landslide,2,Medium,Landslide-prone,37.7,126,2,4,0,92,3,14,1.09,0,1.92,184,4,1,1
2012-06-06,2012,6,Rudraprayag,Flood,1,High,Flood-prone,234.3,856,1,6,1,518,0,28,0.92,0,1.59,1036,6,1,3
2012-06-18,2012,6,Almora,Landslide,4,Medium,Landslide-prone,106.5,777,3,13,1,262,4,13,0.25,0,4.71,524,13,2,2
2012-06-18,2012,6,Bageshwar,Cloudburst,3,High,Flood-prone,426.7,322,1,8,1,407,0,43,1.48,0,2.91,814,8,1,3
2012-07-12,2012,7,Almora,Flood,1,Medium,Flood-prone,232.3,30855,23,234,17,6145,243,531,12.56,2,129.21,12290,236,5,31
2012-07-15,2012,7,Pithoragarh,Flood,1,High,Flood-prone,199.8,655,1,7,2,182,3,19,0.03,0,0.81,364,7,2,1
2012-08-04,2012,8,Nainital,Flash Flood,1,Medium,Flood-prone,296.1,3585,27,36,1,2895,32,290,5.41,0,26.85,5790,38,2,15
2012-08-06,2012,8,Almora,Flash Flood,1,Medium,Flood-prone,214.4,5383,17,98,1,1510,12,220,5.66,1,5.07,3020,99,2,8
2012-08-06,2012,8,Rudraprayag,Flash Flood,1,High,Flood-prone,154.8,314,1,5,0,369,6,26,0.28,0,3.63,738,5,1,2
2012-08-10,2012,8,Pithoragarh,Cloudburst,1,High,Flood-prone,297.4,4902,24,83,10,875,12,124,0.81,1,28.29,1750,85,2,5
2012-08-13,2012,8,Dehradun,Cloudburst,1,Low,Flood-prone,228.2,851,3,13,0,542,5,35,0.17,0,4.25,1084,13,1,3
2012-08-20,2012,8,Chamoli,Flood,1,High,Flood-prone,245.3,213,1,6,1,518,1,23,0.89,0,3.23,1036,6,2,3
2012-08-26,2012,8,Almora,Flash Flood,2,Medium,Flood-prone,238.9,239,2,5,1,198,1,8,0.0,0,3.8,396,5,2,1
2012-09-14,2012,9,Udham Singh Nagar,Flood,1,Low,Flood-prone,256.2,301,2,15,0,544,3,39,0.7,0,0.78,1088,15,1,3
2012-09-15,2012,9,Almora,Avalanche,1,Medium,Landslide-prone,105.7,676,1,10,1,378,1,1,1.36,0,4.19,756,10,2,2
2012-11-03,2012,11,Dehradun,Flood,2,Low,Flood-prone,204.6,237,1,6,2,521,4,29,0.84,0,2.73,1042,6,2,3
2012-12-01,2012,12,Almora,Flood,1,Medium,Flood-prone,152.6,757,0,6,0,166,1,19,0.4,0,1.25,332,6,1,1
2012-12-05,2012,12,Rudraprayag,Flash Flood,1,High,Flood-prone,110.5,245,2,11,1,560,6,27,0.51,0,0.81,1120,11,2,3
2013-01-07,2013,1,Dehradun,Landslide,1,Low,Landslide-prone,30.7,554,2,9,2,256,1,35,0.34,0,0.55,512,9,2,2
2013-01-11,2013,1,Chamoli,Flood,1,High,Flood-prone,112.8,16641,44,180,12,9620,691,876,5.0,2,55.49,19240,184,8,49
2013-01-22,2013,1,Pithoragarh,Flood,1,High,Flood-prone,145.5,11271,36,665,41,15573,81,4190,21.15,1,52.73,31146,668,6,78
2013-01-29,2013,1,Pauri Garhwal,Landslide,1,Medium,Landslide-prone,0.0,141259,319,2524,460,68502,2440,58458,66.98,7,706.03,137004,2555,67,343
2013-02-18,2013,2,Tehri Garhwal,Flood,6,Medium,Flood-prone,125.4,88384,3953,1957,89,79946,18126,25460,33.8,5,263.65,159892,2352,161,400
2013-03-03,2013,3,Uttarkashi,Flood,1,High,Flood-prone,172.8,9503,132,170,7,16236,605,1080,7.38,1,170.29,32472,183,7,82
2013-03-13,2013,3,Tehri Garhwal,Flood,11,Medium,Flood-prone,107.5,112915,5801,3722,332,99511,3406,58737,116.08,2,853.64,199022,4302,63,498
2013-03-14,2013,3,Almora,Flood,1,Medium,Flood-prone,139.8,37035,81,635,11,13475,731,924,24.27,2,190.23,26950,643,9,68
2013-05-17,2013,5,Nainital,Flood,1,Medium,Flood-prone,193.0,35192,61,576,35,8535,157,3502,5.62,1,72.21,17070,582,6,43
2013-05-22,2013,5,Pithoragarh,Flood,2,High,Flood-prone,119.3,131341,1845,3105,463,40026,12856,52100,64.88,1,171.24,80052,3289,155,201
2013-06-05,2013,6,Udham Singh Nagar,Flash Flood,3,Low,Flood-prone,288.1,39535,273,580,37,14669,809,2776,2.7,3,144.11,29338,607,11,74
2013-06-17,2013,6,Chamoli,Landslide,4,High,Landslide-prone,310.0,60000,700,900,120,30000,3000,12000,40.0,3,750.0,60000,970,37,150
2013-06-17,2013,6,Rudraprayag,Flood,5,High,Flood-prone,380.0,120000,4500,3200,500,80000,15000,45000,85.0,6,2500.0,160000,3650,175,400
2013-06-17,2013,6,Uttarkashi,Flash Flood,3,High,Flood-prone,290.0,40000,350,500,80,25000,2200,9000,35.0,2,600.0,50000,535,27,125
2013-06-20,2013,6,Pauri Garhwal,Landslide,1,Medium,Landslide-prone,86.0,64620,3338,2657,373,29149,17647,18874,24.25,9,2395.78,58298,2990,186,146
2013-06-26,2013,6,Udham Singh Nagar,Landslide,1,Low,Landslide-prone,141.0,168,1,1,1,216,3,12,0.45,0,0.72,432,1,2,2
2013-06-30,2013,6,Almora,Flood,1,Medium,Flood-prone,243.2,4836,5,56,1,2991,33,195,0.87,1,8.67,5982,56,2,15
2013-06-30,2013,6,Champawat,Cloudburst,1,Medium,Flood-prone,309.6,33019,89,235,66,3462,512,1318,2.9,1,51.54,6924,243,12,18
2013-07-06,2013,7,Nainital,Flood,3,Medium,Flood-prone,203.4,63173,3832,2784,456,33157,14544,54906,29.77,3,2432.78,66314,3167,168,166
2013-07-08,2013,7,Uttarkashi,Flood,3,High,Flood-prone,288.8,123582,4852,3020,339,55305,18078,19373,86.16,3,1619.53,110610,3505,185,277
2013-07-20,2013,7,Chamoli,Cloudburst,1,High,Flood-prone,341.1,943,4,15,2,427,6,4,0.55,0,1.38,854,15,2,3
2013-07-25,2013,7,Bageshwar,Flash Flood,1,High,Flood-prone,193.2,25417,135,163,45,5712,580,3028,5.5,1,160.54,11424,176,10,29
2013-08-23,2013,8,Champawat,Flood,1,Medium,Flood-prone,227.0,2527,10,109,0,2059,58,186,5.65,0,14.31,4118,110,1,11
2013-09-04,2013,9,Dehradun,Flash Flood,1,Low,Flood-prone,165.6,30903,26,440,69,12995,671,1740,19.8,2,113.83,25990,442,13,65
2013-09-13,2013,9,Rudraprayag,Flood,1,High,Flood-prone,239.1,9079,183,267,30,7455,371,3403,8.83,2,105.69,14910,285,7,38
2013-09-25,2013,9,Dehradun,Landslide,2,Low,Landslide-prone,151.8,124824,4014,1200,533,73909,6223,27813,14.13,2,1949.03,147818,1601,106,370
2013-10-07,2013,10,Dehradun,Landslide,1,Low,Landslide-prone,31.9,6536,58,356,17,1950,684,3930,20.24,3,63.56,3900,361,8,10
2013-10-22,2013,10,Chamoli,Landslide,1,High,Landslide-prone,76.5,44477,110,465,8,4507,932,4569,2.11,3,135.04,9014,476,9,23
2013-10-30,2013,10,Rudraprayag,Flood,1,High,Flood-prone,157.6,15681,253,409,38,8987,573,1039,10.99,3,66.46,17974,434,9,45
2013-10-31,2013,10,Tehri Garhwal,Flash Flood,2,Medium,Flood-prone,204.0,23601,86,386,21,12326,381,908,4.68,2,182.43,24652,394,7,62
2013-12-22,2013,12,Almora,Flash Flood,2,Medium,Flood-prone,174.7,94808,693,893,240,98490,14387,48162,66.9,5,496.51,196980,962,144,493
2014-01-08,2014,1,Champawat,Flood,1,Medium,Flood-prone,175.9,113,1,11,1,431,1,12,0.54,0,1.75,862,11,2,3
2014-01-11,2014,1,Pauri Garhwal,Flood,2,Medium,Flood-prone,109.7,668,2,6,1,193,2,37,0.44,0,4.51,386,6,2,1
2014-01-30,2014,1,Champawat,Landslide,1,Medium,Landslide-prone,32.4,564,2,12,2,222,4,5,1.06,0,3.55,444,12,2,2
2014-02-17,2014,2,Pithoragarh,Landslide,1,High,Landslide-prone,32.5,397,0,9,0,220,2,38,1.31,0,4.36,440,9,1,2
2014-02-19,2014,2,Rudraprayag,Flood,1,High,Flood-prone,214.9,1839,7,24,8,2727,23,52,0.95,1,10.98,5454,24,2,14
2014-03-05,2014,3,Haridwar,Flood,1,Low,Flood-prone,79.4,2849,4,61,3,2503,8,149,3.02,1,18.51,5006,61,2,13
2014-03-17,2014,3,Dehradun,Avalanche,1,Low,Landslide-prone,28.0,720,3,14,1,396,2,30,0.8,0,2.43,792,14,2,2
2014-03-30,2014,3,Udham Singh Nagar,Landslide,1,Low,Landslide-prone,0.0,521,1,14,1,129,4,12,0.79,0,4.55,258,14,2,1
2014-04-10,2014,4,Nainital,Cloudburst,3,Medium,Flood-prone,393.0,296,2,4,1,284,3,10,0.17,0,1.8,568,4,2,2
2014-05-06,2014,5,Nainital,Landslide,1,Medium,Landslide-prone,30.6,750,1,13,1,440,4,7,0.54,0,0.82,880,13,2,3
2014-05-24,2014,5,Uttarkashi,Landslide,1,High,Landslide-prone,40.9,87546,577,2135,356,72475,8643,54086,25.99,6,295.8,144950,2192,109,363
2014-05-31,2014,5,Uttarkashi,Landslide,1,High,Landslide-prone,35.9,405,0,7,1,503,3,31,0.01,0,3.48,1006,7,2,3
2014-06-13,2014,6,Rudraprayag,Flash Flood,1,High,Flood-prone,242.7,4766,28,70,11,3886,21,236,2.08,1,18.6,7772,72,3,20
2014-06-15,2014,6,Rudraprayag,Flood,2,High,Flood-prone,228.3,694,1,11,1,505,1,2,0.45,0,1.26,1010,11,2,3
2014-06-18,2014,6,Champawat,Flash Flood,1,Medium,Flood-prone,274.0,1556,21,106,8,2606,58,222,0.99,1,5.1,5212,108,2,14
2014-07-05,2014,7,Bageshwar,Cloudburst,1,High,Flood-prone,396.0,559,4,14,0,261,1,35,0.05,0,3.93,522,14,1,2
2014-07-10,2014,7,Bageshwar,Landslide,2,High,Landslide-prone,123.0,385,1,7,2,119,1,38,0.26,0,3.11,238,7,2,1
2014-08-10,2014,8,Uttarkashi,Landslide,2,High,Landslide-prone,173.2,172,2,3,2,510,4,1,0.45,0,2.12,1020,3,2,3
2014-08-12,2014,8,Uttarkashi,Flood,1,High,Flood-prone,249.4,3846,7,54,11,914,11,68,5.67,1,14.05,1828,54,3,5
2014-08-15,2014,8,Pauri Garhwal,Cloudburst,2,Medium,Flood-prone,351.7,627,1,5,2,325,4,36,1.29,0,2.44,650,5,2,2
2014-09-14,2014,9,Tehri Garhwal,Flood,1,Medium,Flood-prone,219.4,342,2,2,2,585,5,30,0.2,0,0.61,1170,2,2,3
2014-10-18,2014,10,Bageshwar,Cloudburst,1,High,Flood-prone,231.5,30849,35,320,21,6785,787,2678,18.51,3,87.9,13570,323,10,34
2014-11-15,2014,11,Pithoragarh,Flood,1,High,Flood-prone,139.0,368,0,2,1,131,3,30,1.2,0,1.25,262,2,2,1
2014-12-18,2014,12,Tehri Garhwal,Flash Flood,1,Medium,Flood-prone,168.6,522,0,11,2,367,1,23,1.15,0,4.46,734,11,2,2
2014-12-23,2014,12,Dehradun,Flash Flood,1,Low,Flood-prone,169.7,2602,14,87,7,681,33,147,5.29,1,17.38,1362,88,2,4
2015-01-03,2015,1,Haridwar,Flash Flood,1,Low,Flood-prone,187.9,765,0,14,1,192,2,39,0.74,0,3.35,384,14,2,1
2015-02-17,2015,2,Uttarkashi,Flood,1,High,Flood-prone,180.2,805,1,13,1,97,5,0,0.61,0,3.62,194,13,2,1
2015-02-26,2015,2,Uttarkashi,Cloudburst,1,High,Flood-prone,373.8,794,1,11,1,235,1,29,1.11,0,3.4,470,11,2,2
2015-03-08,2015,3,Haridwar,Flood,1,Low,Flood-prone,186.9,180,0,14,1,506,4,23,0.78,0,1.93,1012,14,2,3
2015-03-24,2015,3,Pauri Garhwal,Landslide,1,Medium,Landslide-prone,20.9,8322,250,283,46,16327,695,3991,7.55,1,94.01,32654,308,11,82
2015-03-25,2015,3,Pithoragarh,Landslide,3,High,Landslide-prone,23.4,293,1,2,1,98,5,10,0.81,0,3.43,196,2,2,1
2015-04-18,2015,4,Tehri Garhwal,Cloudburst,1,Medium,Flood-prone,267.8,503,1,10,1,350,5,15,1.44,0,1.38,700,10,2,2
2015-05-22,2015,5,Tehri Garhwal,Cloudburst,1,Medium,Flood-prone,334.7,1864,2,90,5,2541,50,259,3.17,0,24.37,5082,90,2,13
2015-07-09,2015,7,Bageshwar,Flash Flood,1,High,Flood-prone,272.3,393,2,14,2,310,5,13,1.49,0,3.22,620,14,2,2
2015-07-10,2015,7,Chamoli,Flood,1,High,Flood-prone,200.5,4595,27,42,11,1525,26,57,0.79,1,15.36,3050,44,3,8
2015-07-19,2015,7,Udham Singh Nagar,Landslide,2,Low,Landslide-prone,172.2,513,2,5,1,429,4,25,1.14,0,2.58,858,5,2,3
2015-07-30,2015,7,Almora,Flood,1,Medium,Flood-prone,176.9,452,0,5,2,182,1,20,1.48,0,3.52,364,5,2,1
2015-08-10,2015,8,Bageshwar,Flood,1,High,Flood-prone,225.9,673,2,11,1,375,2,4,1.38,0,4.78,750,11,2,2
2015-08-31,2015,8,Almora,Flash Flood,1,Medium,Flood-prone,260.5,12739,242,582,44,7095,207,3273,12.91,1,130.99,14190,606,7,36
2015-09-17,2015,9,Pauri Garhwal,Cloudburst,1,Medium,Flood-prone,317.0,3613,9,103,4,3199,30,214,0.78,1,25.47,6398,103,2,16
2015-09-23,2015,9,Haridwar,Flash Flood,2,Low,Flood-prone,269.7,409,2,3,2,509,5,30,0.55,0,1.74,1018,3,2,3
2015-09-27,2015,9,Almora,Flood,1,Medium,Flood-prone,286.7,4074,2,100,0,2692,60,116,1.66,1,9.83,5384,100,1,14
2015-10-30,2015,10,Almora,Landslide,1,Medium,Landslide-prone,46.1,345,0,15,2,560,5,7,0.59,0,3.63,1120,15,2,3
2015-11-30,2015,11,Nainital,Flood,1,Medium,Flood-prone,266.0,379,0,6,2,53,2,16,0.81,0,2.06,106,6,2,1
2015-12-27,2015,12,Uttarkashi,Flash Flood,3,High,Flood-prone,124.2,8188,224,185,26,13290,571,3015,5.82,1,131.09,26580,207,8,67
2016-01-08,2016,1,Champawat,Avalanche,1,Medium,Landslide-prone,39.9,429,3,5,0,121,1,31,0.71,0,1.25,242,5,1,1
2016-01-14,2016,1,Uttarkashi,Flood,1,High,Flood-prone,96.4,3905,14,61,4,2015,40,89,3.09,1,18.4,4030,62,2,11
2016-02-23,2016,2,Almora,Landslide,1,Medium,Landslide-prone,42.8,2107,16,89,3,1358,12,87,4.25,0,17.18,2716,90,2,7
2016-03-17,2016,3,Udham Singh Nagar,Cloudburst,6,Low,Flood-prone,288.1,3061,25,104,1,2178,24,42,2.72,0,25.11,4356,106,2,11
2016-05-05,2016,5,Pithoragarh,Landslide,1,High,Landslide-prone,53.7,138152,1964,3232,220,123339,14096,24009,39.65,3,1782.41,246678,3428,140,617
2016-05-09,2016,5,Chamoli,Cloudburst,2,High,Flood-prone,204.0,2775,25,121,10,1203,48,124,1.55,0,12.24,2406,123,2,7
2016-05-28,2016,5,Haridwar,Flood,1,Low,Flood-prone,113.9,585,2,12,2,325,4,25,0.28,0,1.78,650,12,2,2
2016-06-11,2016,6,Pauri Garhwal,Flood,1,Medium,Flood-prone,228.4,108,0,14,2,379,3,27,0.26,0,2.38,758,14,2,2
2016-06-11,2016,6,Uttarkashi,Flash Flood,1,High,Flood-prone,264.1,230,3,11,1,753,5,37,1.07,0,4.64,1506,11,2,4
2016-06-12,2016,6,Chamoli,Flood,1,High,Flood-prone,226.1,2229,20,63,0,733,51,243,0.65,0,9.24,1466,65,1,4
2016-06-15,2016,6,Pauri Garhwal,Landslide,1,Medium,Landslide-prone,112.3,711,2,12,1,431,4,10,0.73,0,4.94,862,12,2,3
2016-06-15,2016,6,Rudraprayag,Flood,1,High,Flood-prone,250.9,238,3,7,1,624,0,4,1.08,0,1.33,1248,7,1,4
2016-06-27,2016,6,Pauri Garhwal,Landslide,2,Medium,Landslide-prone,159.4,6459,40,524,9,2354,69,3839,18.96,1,73.38,4708,528,2,12
2016-07-01,2016,7,Rudraprayag,Cloudburst,1,High,Flood-prone,321.6,47438,177,166,47,12028,957,1422,21.01,2,29.83,24056,183,13,61
2016-07-08,2016,7,Rudraprayag,Flood,1,High,Flood-prone,293.4,635,2,9,0,381,3,33,0.65,0,1.78,762,9,1,2
2016-07-22,2016,7,Champawat,Landslide,4,Medium,Landslide-prone,112.8,943,18,43,9,2919,57,163,5.24,1,11.62,5838,44,2,15
2016-07-28,2016,7,Uttarkashi,Flood,5,High,Flood-prone,242.9,929,2,12,1,358,4,27,1.35,0,1.76,716,12,2,2
2016-08-04,2016,8,Rudraprayag,Flood,1,High,Flood-prone,311.7,540,1,3,2,262,2,34,0.51,0,3.82,524,3,2,2
2016-08-26,2016,8,Pithoragarh,Landslide,1,High,Landslide-prone,162.9,5797,24,137,8,1235,13,290,4.04,0,12.72,2470,139,2,7
2016-08-31,2016,8,Nainital,Landslide,1,Medium,Landslide-prone,159.8,463,0,7,1,293,4,9,1.22,0,1.45,586,7,2,2
2016-09-02,2016,9,Udham Singh Nagar,Flash Flood,3,Low,Flood-prone,187.7,723,3,8,1,674,2,23,0.53,0,3.06,1348,8,2,4
2016-09-03,2016,9,Pithoragarh,Flood,1,High,Flood-prone,275.4,325,1,14,0,109,1,7,1.39,0,3.35,218,14,1,1
2016-09-16,2016,9,Pauri Garhwal,Flood,1,Medium,Flood-prone,165.7,336,0,2,2,227,4,10,1.02,0,3.18,454,2,2,2
2016-09-16,2016,9,Rudraprayag,Landslide,1,High,Landslide-prone,94.5,369,2,8,0,532,1,19,1.03,0,0.75,1064,8,1,3
2016-09-17,2016,9,Bageshwar,Landslide,1,High,Landslide-prone,126.8,2770,20,30,1,2674,24,218,0.64,1,11.53,5348,32,2,14
2016-09-23,2016,9,Tehri Garhwal,Flash Flood,1,Medium,Flood-prone,122.1,144,0,17,1,290,3,10,1.42,0,0.9,580,17,2,2
2016-09-29,2016,9,Pauri Garhwal,Flash Flood,1,Medium,Flood-prone,230.1,174,1,15,0,578,1,6,1.05,0,4.45,1156,15,1,3
2016-10-28,2016,10,Pithoragarh,Flood,1,High,Flood-prone,168.7,4075,24,33,0,2691,44,251,5.11,1,28.94,5382,35,1,14
2017-01-02,2017,1,Chamoli,Landslide,2,High,Landslide-prone,61.1,371,3,7,0,627,0,15,1.43,0,3.08,1254,7,0,4
2017-01-11,2017,1,Tehri Garhwal,Flash Flood,1,Medium,Flood-prone,96.9,324,0,12,0,399,1,3,1.36,0,4.2,798,12,1,2
2017-01-26,2017,1,Haridwar,Cloudburst,2,Low,Flood-prone,239.8,4432,6,19,5,1047,36,249,1.25,1,16.65,2094,19,2,6
2017-02-01,2017,2,Uttarkashi,Flood,1,High,Flood-prone,178.9,5256,4,67,3,2945,11,106,4.64,0,16.3,5890,67,2,15
2017-03-22,2017,3,Uttarkashi,Flood,3,High,Flood-prone,208.6,470,1,7,2,85,5,27,0.66,0,2.69,170,7,2,1
2017-04-24,2017,4,Pithoragarh,Flood,1,High,Flood-prone,144.1,12944,45,394,46,10485,298,2661,9.98,3,186.08,20970,398,8,53
2017-05-15,2017,5,Tehri Garhwal,Flood,1,Medium,Flood-prone,156.8,3121,11,83,1,1798,15,112,1.7,0,25.29,3596,84,2,9
2017-05-30,2017,5,Dehradun,Flood,1,Low,Flood-prone,167.7,248,2,5,1,139,5,34,1.3,0,3.93,278,5,2,1
2017-06-01,2017,6,Rudraprayag,Flood,1,High,Flood-prone,215.9,2946,13,126,8,2179,25,291,5.75,1,3.04,4358,127,2,11
2017-06-03,2017,6,Bageshwar,Avalanche,1,High,Landslide-prone,94.1,227,1,14,1,417,1,8,0.06,0,1.75,834,14,2,3
2017-06-10,2017,6,Pithoragarh,Flood,1,High,Flood-prone,187.8,621,2,2,1,488,1,14,0.92,0,4.14,976,2,2,3
2017-07-22,2017,7,Almora,Flood,2,Medium,Flood-prone,193.5,123,3,10,2,315,1,5,1.03,0,1.4,630,10,2,2
2017-08-04,2017,8,Tehri Garhwal,Flood,2,Medium,Flood-prone,237.2,4769,18,46,5,2008,33,71,2.22,1,26.26,4016,47,2,11
2017-08-10,2017,8,Tehri Garhwal,Flood,7,Medium,Flood-prone,232.2,175,2,14,1,397,2,18,0.47,0,4.71,794,14,2,2
2017-08-14,2017,8,Pithoragarh,Flood,1,High,Flood-prone,206.6,157,0,9,1,567,0,17,0.51,0,1.06,1134,9,1,3
2017-09-02,2017,9,Dehradun,Cloudburst,2,Low,Flood-prone,346.5,411,2,12,1,115,5,15,0.28,0,3.16,230,12,2,1
2017-09-08,2017,9,Pithoragarh,Flood,1,High,Flood-prone,289.8,585,1,1,2,68,4,23,1.41,0,4.99,136,1,2,1
2017-09-19,2017,9,Chamoli,Flood,1,High,Flood-prone,258.2,583,2,3,1,263,0,21,1.38,0,1.81,526,3,1,2
2017-09-24,2017,9,Bageshwar,Flood,1,High,Flood-prone,134.8,208,1,8,1,224,0,12,1.45,0,2.01,448,8,1,2
2017-10-20,2017,10,Tehri Garhwal,Flash Flood,1,Medium,Flood-prone,133.2,679,0,7,0,534,3,9,0.75,0,4.81,1068,7,1,3
2017-10-26,2017,10,Champawat,Landslide,2,Medium,Landslide-prone,42.4,20415,90,241,16,2095,313,1300,24.23,2,82.51,4190,250,5,11
2017-10-30,2017,10,Rudraprayag,Flash Flood,1,High,Flood-prone,184.0,237,1,12,0,615,5,23,1.45,0,4.93,1230,12,1,4
2017-11-06,2017,11,Almora,Flash Flood,2,Medium,Flood-prone,210.3,4564,9,22,2,1396,50,264,0.54,1,14.27,2792,22,2,7
2017-12-12,2017,12,Almora,Flash Flood,1,Medium,Flood-prone,161.4,32133,99,469,16,3774,754,3695,22.41,2,165.49,7548,478,9,19
2018-01-19,2018,1,Nainital,Flood,3,Medium,Flood-prone,84.6,4227,22,103,9,906,47,160,5.13,1,23.96,1812,105,2,5
2018-01-22,2018,1,Almora,Flash Flood,1,Medium,Flood-prone,159.9,4934,14,29,3,251,55,71,3.67,0,17.96,502,30,2,2
2018-02-06,2018,2,Bageshwar,Flood,1,High,Flood-prone,219.2,222,1,10,2,78,4,23,0.85,0,0.81,156,10,2,1
2018-02-24,2018,2,Uttarkashi,Avalanche,3,High,Landslide-prone,41.5,447,3,14,1,219,2,27,0.4,0,2.34,438,14,2,2
2018-03-06,2018,3,Dehradun,Landslide,3,Low,Landslide-prone,56.5,1929,10,108,7,2405,30,204,1.87,1,14.55,4810,109,2,13
2018-03-11,2018,3,Pauri Garhwal,Landslide,1,Medium,Landslide-prone,45.9,1499,18,29,2,1584,55,95,1.29,1,16.52,3168,30,2,8
2018-03-14,2018,3,Bageshwar,Landslide,2,High,Landslide-prone,85.8,3497,4,28,9,1898,6,66,4.15,0,7.34,3796,28,2,10
2018-03-28,2018,3,Chamoli,Avalanche,1,High,Landslide-prone,38.9,313,2,6,1,376,1,35,0.11,0,3.98,752,6,2,2
2018-05-01,2018,5,Nainital,Cloudburst,1,Medium,Flood-prone,239.4,749,0,14,1,106,2,10,0.43,0,4.11,212,14,2,1
2018-06-04,2018,6,Champawat,Flood,1,Medium,Flood-prone,248.0,2033,23,54,1,1928,11,130,3.29,1,16.33,3856,56,2,10
2018-06-05,2018,6,Almora,Flash Flood,1,Medium,Flood-prone,206.5,281,2,8,2,453,2,6,0.23,0,1.63,906,8,2,3
2018-06-07,2018,6,Pauri Garhwal,Flash Flood,1,Medium,Flood-prone,224.8,720,1,1,2,66,5,46,0.66,0,3.67,132,1,2,1
2018-07-14,2018,7,Almora,Flood,1,Medium,Flood-prone,275.3,1713,10,53,10,2873,49,103,0.87,0,10.2,5746,54,2,15
2018-07-16,2018,7,Tehri Garhwal,Flood,4,Medium,Flood-prone,224.1,616,1,2,1,552,3,29,0.39,0,0.63,1104,2,2,3
2018-08-01,2018,8,Uttarkashi,Flood,1,High,Flood-prone,195.4,115,1,16,2,615,2,4,0.82,0,4.3,1230,16,2,4
2018-08-08,2018,8,Champawat,Cloudburst,1,Medium,Flood-prone,326.9,849,0,14,0,583,1,42,1.42,0,2.58,1166,14,1,3
2018-08-08,2018,8,Pithoragarh,Flood,1,High,Flood-prone,296.1,531,1,5,0,198,2,23,0.88,0,3.27,396,5,1,1
2018-08-16,2018,8,Tehri Garhwal,Landslide,1,Medium,Landslide-prone,96.9,1365,4,101,9,2019,11,145,4.51,1,6.19,4038,101,2,11
2018-09-09,2018,9,Rudraprayag,Cloudburst,2,High,Flood-prone,369.6,2959,20,82,1,1913,57,186,0.79,1,8.44,3826,84,2,10
2018-09-22,2018,9,Rudraprayag,Flood,1,High,Flood-prone,282.1,381,1,11,1,588,4,0,1.17,0,4.95,1176,11,2,3
2018-10-11,2018,10,Dehradun,Flood,1,Low,Flood-prone,120.8,4872,20,113,9,1874,56,63,1.58,0,11.78,3748,115,2,10
2018-10-13,2018,10,Tehri Garhwal,Flood,1,Medium,Flood-prone,179.1,412,2,11,2,174,3,24,1.37,0,3.88,348,11,2,1
2018-10-26,2018,10,Haridwar,Flood,1,Low,Flood-prone,136.1,775,1,2,0,263,1,1,1.13,0,1.8,526,2,1,2
2018-10-27,2018,10,Chamoli,Landslide,1,High,Landslide-prone,60.0,569,1,3,2,190,0,27,1.11,0,3.46,380,3,1,1
2018-10-31,2018,10,Nainital,Flash Flood,1,Medium,Flood-prone,155.8,142,1,3,2,171,5,13,0.27,0,3.46,342,3,2,1
2018-11-09,2018,11,Chamoli,Cloudburst,1,High,Flood-prone,149.7,883,2,18,0,532,6,8,0.1,0,3.09,1064,18,1,3
2018-11-24,2018,11,Rudraprayag,Landslide,8,High,Landslide-prone,65.3,5263,24,41,6,620,63,219,1.76,1,19.69,1240,43,2,4
2018-12-21,2018,12,Almora,Landslide,1,Medium,Landslide-prone,25.3,426,2,5,1,67,0,33,0.54,0,2.85,134,5,1,1
2018-12-24,2018,12,Dehradun,Landslide,1,Low,Landslide-prone,28.5,225,2,10,1,311,5,3,0.42,0,4.02,622,10,2,2
2019-01-10,2019,1,Bageshwar,Flash Flood,3,High,Flood-prone,200.9,275,2,9,2,548,0,27,0.08,0,1.79,1096,9,1,3
2019-01-22,2019,1,Almora,Avalanche,5,Medium,Landslide-prone,38.8,693,0,14,2,479,2,16,0.45,0,1.53,958,14,2,3
2019-01-24,2019,1,Udham Singh Nagar,Avalanche,2,Low,Landslide-prone,58.0,4017,18,116,4,566,42,230,3.66,0,16.62,1132,117,2,3
2019-04-18,2019,4,Pithoragarh,Flood,1,High,Flood-prone,204.5,425,2,12,2,129,1,31,0.87,0,0.86,258,12,2,1
2019-04-24,2019,4,Bageshwar,Flood,1,High,Flood-prone,152.0,110,0,2,0,521,4,19,0.15,0,2.63,1042,2,1,3
2019-06-05,2019,6,Bageshwar,Landslide,1,High,Landslide-prone,166.2,2148,16,120,4,2778,24,54,1.62,1,8.93,5556,121,2,14
2019-06-09,2019,6,Rudraprayag,Flash Flood,1,High,Flood-prone,198.3,874,3,11,0,794,5,16,1.47,0,3.12,1588,11,1,4
2019-06-15,2019,6,Uttarkashi,Landslide,1,High,Landslide-prone,160.2,762,3,10,2,246,2,17,1.01,0,1.92,492,10,2,2
2019-07-14,2019,7,Rudraprayag,Flood,1,High,Flood-prone,174.5,402,3,13,2,147,2,25,0.12,0,3.52,294,13,2,1
2019-07-24,2019,7,Pauri Garhwal,Flood,4,Medium,Flood-prone,207.2,122,1,9,0,323,3,13,1.16,0,0.84,646,9,1,2
2019-07-25,2019,7,Bageshwar,Earthquake,1,High,Seismic,77.5,778,1,8,0,309,3,30,1.13,0,4.57,618,8,1,2
2019-08-07,2019,8,Tehri Garhwal,Cloudburst,1,Medium,Flood-prone,340.8,44496,142,258,10,4827,508,1768,21.06,2,64.77,9654,272,6,25
2019-08-08,2019,8,Pithoragarh,Landslide,1,High,Landslide-prone,111.4,238,3,1,1,517,5,39,1.23,0,1.4,1034,1,2,3
2019-08-13,2019,8,Pithoragarh,Flood,1,High,Flood-prone,306.0,5291,16,74,1,1906,29,217,2.64,0,5.56,3812,75,2,10
2019-08-19,2019,8,Almora,Flash Flood,1,Medium,Flood-prone,278.8,142,0,2,0,369,3,2,1.42,0,1.83,738,2,1,2
2019-09-05,2019,9,Uttarkashi,Flood,3,High,Flood-prone,270.8,45919,100,787,30,9693,363,2681,5.55,2,117.51,19386,797,7,49
2019-09-08,2019,9,Champawat,Landslide,1,Medium,Landslide-prone,102.1,292,3,14,1,74,1,16,1.42,0,3.94,148,14,2,1
2019-09-16,2019,9,Nainital,Landslide,1,Medium,Landslide-prone,77.6,250,1,7,2,58,3,27,1.2,0,0.59,116,7,2,1
2019-09-19,2019,9,Dehradun,Flash Flood,1,Low,Flood-prone,279.3,4011,7,106,6,892,24,272,3.15,0,29.12,1784,106,2,5
2019-09-24,2019,9,Champawat,Cloudburst,1,Medium,Flood-prone,319.2,144,2,7,2,365,6,8,1.3,0,3.97,730,7,2,2
2019-09-26,2019,9,Nainital,Flash Flood,1,Medium,Flood-prone,229.8,6805,243,393,43,14509,774,2849,16.12,1,113.31,29018,417,12,73
2019-09-26,2019,9,Pithoragarh,Landslide,2,High,Landslide-prone,144.5,612,3,10,1,678,5,21,1.06,0,1.53,1356,10,2,4
2019-10-06,2019,10,Pithoragarh,Flash Flood,2,High,Flood-prone,178.6,174,0,9,1,437,4,43,0.77,0,4.08,874,9,2,3
2019-10-15,2019,10,Rudraprayag,Landslide,1,High,Landslide-prone,28.4,378,1,10,1,293,2,39,1.18,0,4.61,586,10,2,2
2019-10-16,2019,10,Nainital,Landslide,1,Medium,Landslide-prone,0.0,117,1,3,0,576,3,29,0.47,0,1.57,1152,3,1,3
2019-11-11,2019,11,Bageshwar,Flood,6,High,Flood-prone,147.1,564,2,7,1,482,1,33,0.97,0,2.56,964,7,2,3
2019-11-22,2019,11,Uttarkashi,Flood,1,High,Flood-prone,130.5,461,1,7,1,580,1,17,1.35,0,4.93,1160,7,2,3
2019-12-10,2019,12,Rudraprayag,Cloudburst,1,High,Flood-prone,308.4,860,2,10,1,331,0,24,1.44,0,3.61,662,10,1,2
2019-12-21,2019,12,Tehri Garhwal,Landslide,1,Medium,Landslide-prone,26.3,738,2,12,0,580,4,12,1.24,0,4.43,1160,12,1,3
2020-02-05,2020,2,Pauri Garhwal,Flood,1,Medium,Flood-prone,115.2,571,2,12,2,100,2,2,0.82,0,4.49,200,12,2,1
2020-02-11,2020,2,Uttarkashi,Landslide,1,High,Landslide-prone,13.7,289,0,4,1,231,2,16,1.31,0,2.72,462,4,2,2
2020-02-29,2020,2,Almora,Flash Flood,2,Medium,Flood-prone,171.4,36963,138,391,49,13349,579,3244,22.47,1,87.6,26698,404,10,67
2020-03-27,2020,3,Rudraprayag,Flood,1,High,Flood-prone,154.6,1283,2,120,6,2821,21,155,0.67,1,21.03,5642,120,2,15
2020-04-05,2020,4,Udham Singh Nagar,Flash Flood,2,Low,Flood-prone,219.0,1816,4,109,9,1973,24,131,4.49,1,26.95,3946,109,2,10
2020-04-11,2020,4,Pauri Garhwal,Flash Flood,2,Medium,Flood-prone,163.5,247,1,8,1,253,2,30,0.06,0,3.71,506,8,2,2
2020-04-25,2020,4,Bageshwar,Flood,2,High,Flood-prone,151.7,737,1,14,0,428,2,16,0.95,0,0.52,856,14,1,3
2020-05-14,2020,5,Pithoragarh,Cloudburst,1,High,Flood-prone,312.7,40684,211,662,28,18897,136,4140,14.59,3,101.42,37794,683,5,95
2020-05-23,2020,5,Uttarkashi,Landslide,1,High,Landslide-prone,18.7,745,0,14,1,669,2,29,1.4,0,4.72,1338,14,2,4
2020-06-07,2020,6,Uttarkashi,Earthquake,1,High,Seismic,96.3,4588,6,121,6,3097,56,173,0.62,0,17.62,6194,121,2,16
2020-06-20,2020,6,Haridwar,Flash Flood,1,Low,Flood-prone,205.3,2389,27,84,4,711,63,270,2.05,0,4.53,1422,86,2,4
2020-06-23,2020,6,Udham Singh Nagar,Flood,1,Low,Flood-prone,174.9,584,1,14,0,238,1,37,1.32,0,3.47,476,14,1,2
2020-07-26,2020,7,Haridwar,Landslide,1,Low,Landslide-prone,190.8,2511,14,109,2,263,52,190,5.4,1,24.87,526,110,2,2
2020-08-04,2020,8,Nainital,Landslide,5,Medium,Landslide-prone,105.9,153,3,5,0,379,3,26,0.4,0,4.84,758,5,1,2
2020-08-10,2020,8,Bageshwar,Landslide,1,High,Landslide-prone,114.1,749,1,2,0,366,2,1,0.87,0,4.04,732,2,1,2
2020-08-10,2020,8,Rudraprayag,Cloudburst,1,High,Flood-prone,331.9,2679,6,54,11,3686,31,194,4.47,1,19.01,7372,54,3,19
2020-08-29,2020,8,Dehradun,Landslide,2,Low,Landslide-prone,61.1,747,0,8,2,386,3,10,0.51,0,3.02,772,8,2,2
2020-10-22,2020,10,Haridwar,Landslide,2,Low,Landslide-prone,48.4,1514,6,108,7,2743,47,195,4.1,1,18.63,5486,108,2,14
2020-10-23,2020,10,Tehri Garhwal,Cloudburst,1,Medium,Flood-prone,194.3,123,1,10,2,529,4,32,1.0,0,4.58,1058,10,2,3
2020-11-15,2020,11,Uttarkashi,Landslide,1,High,Landslide-prone,38.7,744,1,12,1,162,1,4,0.28,0,4.47,324,12,2,1
2020-11-17,2020,11,Pithoragarh,Landslide,1,High,Landslide-prone,59.5,399,2,7,1,597,1,5,0.88,0,2.2,1194,7,2,3
2020-12-15,2020,12,Tehri Garhwal,Flash Flood,1,Medium,Flood-prone,165.7,15086,21,388,21,14958,78,2464,23.65,1,104.9,29916,390,4,75
2020-12-17,2020,12,Pauri Garhwal,Cloudburst,2,Medium,Flood-prone,300.3,3114,4,55,4,927,45,169,0.95,0,21.45,1854,55,2,5
2021-01-27,2021,1,Champawat,Flood,1,Medium,Flood-prone,145.5,22384,85,163,40,2032,614,1475,2.0,2,28.43,4064,171,10,11
2021-02-03,2021,2,Chamoli,Cloudburst,1,High,Flood-prone,194.9,709,2,8,1,309,1,9,0.72,0,1.79,618,8,2,2
2021-02-07,2021,2,Chamoli,Flash Flood,2,High,Flood-prone,40.0,2500,80,150,120,800,120,600,18.0,1,350.0,1600,158,13,4
2021-02-09,2021,2,Rudraprayag,Flood,3,High,Flood-prone,124.6,288,0,12,1,509,2,20,0.61,0,1.82,1018,12,2,3
2021-02-12,2021,2,Pithoragarh,Flash Flood,1,High,Flood-prone,107.2,568,1,7,2,564,3,24,0.93,0,2.28,1128,7,2,3
2021-02-16,2021,2,Chamoli,Landslide,1,High,Landslide-prone,0.0,633,0,1,1,489,1,30,1.45,0,3.53,978,1,2,3
2021-02-17,2021,2,Pithoragarh,Cloudburst,3,High,Flood-prone,183.2,4038,19,59,0,1975,20,169,5.77,0,25.67,3950,60,1,10
2021-02-22,2021,2,Pithoragarh,Landslide,1,High,Landslide-prone,13.1,147,2,14,0,398,3,18,1.05,0,2.77,796,14,1,2
2021-04-01,2021,4,Champawat,Flood,1,Medium,Flood-prone,207.0,260,3,15,1,160,3,3,0.05,0,2.58,320,15,2,1
2021-04-25,2021,4,Pithoragarh,Flood,1,High,Flood-prone,132.4,975,14,48,6,2084,8,83,3.57,0,22.69,4168,49,2,11
2021-04-29,2021,4,Uttarkashi,Flood,3,High,Flood-prone,179.3,3163,28,31,7,1866,45,52,5.3,1,18.26,3732,33,2,10
2021-05-03,2021,5,Nainital,Landslide,1,Medium,Landslide-prone,38.5,1303,10,114,3,1653,44,135,5.84,1,9.8,3306,115,2,9
2021-05-26,2021,5,Bageshwar,Flash Flood,1,High,Flood-prone,154.4,791,2,4,0,134,1,6,0.28,0,1.28,268,4,1,1
2021-05-26,2021,5,Udham Singh Nagar,Flood,1,Low,Flood-prone,142.0,427,2,7,0,481,0,30,1.34,0,2.91,962,7,0,3
2021-06-09,2021,6,Rudraprayag,Landslide,1,High,Landslide-prone,140.1,2049,5,16,7,2277,42,120,2.65,1,16.41,4554,16,2,12
2021-06-24,2021,6,Pithoragarh,Landslide,1,High,Landslide-prone,117.2,749,2,14,1,283,5,11,1.27,0,2.81,566,14,2,2
2021-07-09,2021,7,Almora,Flood,1,Medium,Flood-prone,236.4,969,11,67,6,2821,42,165,4.95,1,3.6,5642,68,2,15
2021-07-10,2021,7,Haridwar,Flood,1,Low,Flood-prone,217.9,3205,8,111,6,1860,25,54,0.67,1,5.28,3720,111,2,10
2021-07-19,2021,7,Nainital,Cloudburst,1,Medium,Flood-prone,449.9,623,3,16,1,225,4,2,0.35,0,1.65,450,16,2,2
2021-07-20,2021,7,Dehradun,Flash Flood,1,Low,Flood-prone,179.8,225,2,13,2,143,1,12,0.54,0,3.56,286,13,2,1
2021-08-02,2021,8,Pauri Garhwal,Flash Flood,1,Medium,Flood-prone,284.1,4776,12,68,3,3152,13,317,4.26,1,3.88,6304,69,2,16
2021-08-30,2021,8,Nainital,Landslide,1,Medium,Landslide-prone,153.3,610,2,2,1,114,4,25,0.5,0,1.9,228,2,2,1
2021-09-02,2021,9,Almora,Flood,2,Medium,Flood-prone,324.1,488,2,10,2,379,2,38,0.81,0,1.49,758,10,2,2
2021-09-05,2021,9,Dehradun,Landslide,1,Low,Landslide-prone,136.7,676,3,9,0,389,4,30,0.78,0,2.17,778,9,1,2
2021-09-07,2021,9,Tehri Garhwal,Flash Flood,1,Medium,Flood-prone,161.9,903,2,11,2,112,2,30,1.24,0,1.75,224,11,2,1
2021-10-11,2021,10,Bageshwar,Landslide,1,High,Landslide-prone,9.6,744,3,2,2,254,2,30,1.38,0,3.1,508,2,2,2
2021-12-07,2021,12,Rudraprayag,Flash Flood,1,High,Flood-prone,231.7,138,2,6,1,591,2,20,0.02,0,1.66,1182,6,2,3
2021-12-11,2021,12,Tehri Garhwal,Flood,1,Medium,Flood-prone,176.3,237,0,14,0,313,3,22,0.13,0,0.97,626,14,1,2
2022-01-18,2022,1,Dehradun,Flash Flood,1,Low,Flood-prone,131.5,3057,18,85,6,945,7,158,5.4,1,25.47,1890,86,2,5
2022-01-27,2022,1,Dehradun,Flood,1,Low,Flood-prone,219.3,527,1,5,1,526,5,4,0.23,0,3.81,1052,5,2,3
2022-02-03,2022,2,Dehradun,Landslide,1,Low,Landslide-prone,60.9,3754,21,16,7,2582,21,207,2.23,1,3.9,5164,18,2,13
2022-02-12,2022,2,Pauri Garhwal,Flood,1,Medium,Flood-prone,225.5,4526,13,23,7,2330,36,240,3.22,1,14.54,4660,24,2,12
2022-02-17,2022,2,Champawat,Landslide,1,Medium,Landslide-prone,44.3,513,2,2,1,440,1,31,0.88,0,0.69,880,2,2,3
2022-02-21,2022,2,Chamoli,Landslide,1,High,Landslide-prone,47.0,553,0,14,1,549,5,37,0.78,0,3.52,1098,14,2,3
2022-03-03,2022,3,Nainital,Landslide,1,Medium,Landslide-prone,14.7,702,2,2,1,349,0,18,0.73,0,4.76,698,2,1,2
2022-03-04,2022,3,Chamoli,Landslide,2,High,Landslide-prone,46.9,40670,39,586,15,10248,537,2061,13.95,3,44.34,20496,589,7,52
2022-04-02,2022,4,Nainital,Landslide,1,Medium,Landslide-prone,67.2,1281,11,60,4,539,28,235,0.89,0,12.58,1078,61,2,3
2022-05-12,2022,5,Rudraprayag,Flash Flood,1,High,Flood-prone,93.8,357,1,7,1,361,3,33,1.22,0,4.8,722,7,2,2
2022-05-25,2022,5,Uttarkashi,Earthquake,1,High,Seismic,56.0,284,2,4,1,509,3,38,0.99,0,0.92,1018,4,2,3
2022-05-26,2022,5,Nainital,Flood,1,Medium,Flood-prone,177.7,752,2,9,1,544,2,13,0.02,0,4.1,1088,9,2,3
2022-05-28,2022,5,Pauri Garhwal,Landslide,1,Medium,Landslide-prone,44.9,7330,169,126,26,16272,381,3990,14.86,1,59.62,32544,142,7,82
2022-06-10,2022,6,Haridwar,Flash Flood,1,Low,Flood-prone,187.2,61013,2280,1181,496,29995,12100,68403,99.54,7,869.7,59990,1409,151,150
2022-06-16,2022,6,Haridwar,Landslide,1,Low,Landslide-prone,94.5,41387,3469,2440,448,109026,2325,44964,30.62,9,2074.8,218052,2786,65,546
2022-07-16,2022,7,Chamoli,Flood,1,High,Flood-prone,226.8,132,2,2,1,225,3,5,1.04,0,1.24,450,2,2,2
2022-09-17,2022,9,Bageshwar,Flood,2,High,Flood-prone,245.0,266,2,5,2,283,3,4,0.94,0,3.14,566,5,2,2
2022-09-18,2022,9,Udham Singh Nagar,Cloudburst,1,Low,Flood-prone,321.9,18512,146,102,11,9869,484,2941,8.71,2,174.82,19738,116,7,50
2022-09-26,2022,9,Tehri Garhwal,Landslide,1,Medium,Landslide-prone,12.5,1123,17,100,2,1380,51,268,1.84,1,8.2,2760,101,2,7
2022-09-29,2022,9,Rudraprayag,Cloudburst,1,High,Flood-prone,347.6,266,2,5,0,218,5,40,1.25,0,3.51,436,5,1,2
2022-10-11,2022,10,Almora,Landslide,1,Medium,Landslide-prone,58.3,165,2,8,1,86,3,22,0.84,0,3.54,172,8,2,1
2022-10-13,2022,10,Tehri Garhwal,Flood,1,Medium,Flood-prone,92.7,789,1,3,0,473,2,23,0.03,0,2.51,946,3,1,3
2022-11-05,2022,11,Rudraprayag,Flash Flood,1,High,Flood-prone,170.1,3982,8,102,9,1178,31,104,5.87,1,28.23,2356,102,2,6
2022-11-27,2022,11,Champawat,Flash Flood,1,Medium,Flood-prone,129.3,21316,64,515,36,7814,734,377,9.26,1,157.97,15628,521,11,40
2022-11-28,2022,11,Bageshwar,Flood,1,High,Flood-prone,162.8,435,1,11,1,443,1,13,0.19,0,0.68,886,11,2,3
2022-12-04,2022,12,Almora,Flash Flood,1,Medium,Flood-prone,116.4,4823,14,37,5,2103,9,111,4.94,1,17.76,4206,38,2,11
2022-12-04,2022,12,Uttarkashi,Avalanche,1,High,Landslide-prone,41.3,4016,8,38,0,1276,42,305,4.17,1,28.73,2552,38,1,7
2022-12-15,2022,12,Pauri Garhwal,Flood,2,Medium,Flood-prone,229.3,2172,10,76,3,275,45,203,3.69,1,21.23,550,77,2,2
2022-12-19,2022,12,Nainital,Flood,1,Medium,Flood-prone,158.3,432,2,7,2,377,4,16,0.91,0,2.38,754,7,2,2
2023-01-12,2023,1,Pithoragarh,Flash Flood,1,High,Flood-prone,158.7,76382,5235,1922,240,46779,3558,19860,49.09,7,297.03,93558,2445,54,234
2023-03-07,2023,3,Chamoli,Landslide,1,High,Landslide-prone,53.8,151,0,7,1,249,2,14,0.29,0,4.89,498,7,2,2
2023-03-17,2023,3,Bageshwar,Flood,1,High,Flood-prone,135.4,19337,92,500,38,7927,221,3956,12.44,2,45.3,15854,509,6,40
2023-03-27,2023,3,Nainital,Flash Flood,4,Medium,Flood-prone,228.6,543,1,7,2,106,1,11,0.65,0,0.8,212,7,2,1
2023-03-30,2023,3,Pauri Garhwal,Flash Flood,1,Medium,Flood-prone,198.5,3535,4,82,10,335,59,146,5.29,1,18.31,670,82,2,2
2023-03-31,2023,3,Bageshwar,Landslide,1,High,Landslide-prone,42.5,736,1,8,2,135,2,17,0.9,0,3.96,270,8,2,1
2023-05-08,2023,5,Pithoragarh,Flood,1,High,Flood-prone,159.8,118,1,8,1,487,5,13,0.81,0,2.33,974,8,2,3
2023-05-21,2023,5,Haridwar,Flash Flood,1,Low,Flood-prone,153.4,644,2,7,2,111,2,0,0.7,0,1.03,222,7,2,1
2023-06-13,2023,6,Almora,Cloudburst,1,Medium,Flood-prone,403.3,28874,124,417,58,8315,785,698,19.87,3,52.73,16630,429,13,42
2023-06-14,2023,6,Rudraprayag,Flood,4,High,Flood-prone,236.5,616,0,12,2,185,5,43,1.42,0,2.85,370,12,2,1
2023-06-23,2023,6,Rudraprayag,Landslide,1,High,Landslide-prone,105.4,710,1,7,1,349,5,42,1.43,0,1.92,698,7,2,2
2023-07-18,2023,7,Rudraprayag,Landslide,1,High,Landslide-prone,129.6,1338,25,31,6,942,47,257,4.2,1,27.1,1884,33,2,5
2023-08-11,2023,8,Chamoli,Flash Flood,1,High,Flood-prone,253.1,298,2,13,1,188,2,38,0.83,0,3.92,376,13,2,1
2023-08-22,2023,8,Rudraprayag,Landslide,1,High,Landslide-prone,80.6,387,2,12,0,535,3,3,1.31,0,0.77,1070,12,1,3
2023-08-27,2023,8,Udham Singh Nagar,Landslide,1,Low,Landslide-prone,123.6,1266,21,114,1,2874,34,118,0.92,1,24.45,5748,116,2,15
2023-08-29,2023,8,Champawat,Flood,1,Medium,Flood-prone,249.6,27734,220,593,39,2430,143,482,7.92,1,66.81,4860,615,6,13
2023-09-05,2023,9,Rudraprayag,Flood,1,High,Flood-prone,319.1,577,1,5,1,209,6,15,1.43,0,3.34,418,5,2,2
2023-09-27,2023,9,Dehradun,Cloudburst,1,Low,Flood-prone,201.5,1644,18,115,5,658,18,118,2.15,1,19.23,1316,116,2,4
2023-10-13,2023,10,Champawat,Flood,1,Medium,Flood-prone,115.2,536,1,12,0,141,2,37,1.07,0,2.83,282,12,1,1
2023-10-15,2023,10,Champawat,Flood,2,Medium,Flood-prone,195.5,2467,6,91,4,2080,20,61,5.96,0,29.69,4160,91,2,11
2023-10-16,2023,10,Udham Singh Nagar,Landslide,1,Low,Landslide-prone,56.7,4375,13,63,6,2509,24,216,3.61,0,26.72,5018,64,2,13
2023-10-26,2023,10,Dehradun,Cloudburst,1,Low,Flood-prone,245.3,257,1,3,0,324,2,37,0.54,0,3.35,648,3,1,2
2023-12-06,2023,12,Udham Singh Nagar,Landslide,3,Low,Landslide-prone,19.2,503,2,7,1,564,5,18,0.17,0,4.28,1128,7,2,3
2024-01-03,2024,1,Haridwar,Flood,2,Low,Flood-prone,135.5,9969,100,359,46,13372,519,1604,21.35,2,196.24,26744,369,10,67
2024-01-11,2024,1,Dehradun,Flood,1,Low,Flood-prone,150.5,2660,8,48,8,2819,15,137,5.61,0,5.49,5638,48,2,15
2024-01-17,2024,1,Dehradun,Avalanche,1,Low,Landslide-prone,30.2,1915,2,42,8,1650,24,137,0.51,0,20.45,3300,42,2,9
2024-01-20,2024,1,Nainital,Flash Flood,1,Medium,Flood-prone,155.9,32431,150,274,41,5408,71,3128,16.35,2,27.01,10816,289,6,28
2024-01-28,2024,1,Rudraprayag,Flash Flood,1,High,Flood-prone,146.2,5603,26,25,5,2062,39,106,5.22,1,25.62,4124,27,2,11
2024-02-02,2024,2,Pauri Garhwal,Flood,1,Medium,Flood-prone,159.7,34377,21,233,46,7009,135,1633,8.22,3,76.4,14018,235,7,36
2024-02-08,2024,2,Rudraprayag,Flood,2,High,Flood-prone,116.0,727,2,17,1,296,5,16,1.4,0,2.43,592,17,2,2
2024-02-22,2024,2,Bageshwar,Flash Flood,2,High,Flood-prone,62.7,694,1,12,2,393,4,32,1.27,0,0.73,786,12,2,2
2024-04-07,2024,4,Nainital,Landslide,1,Medium,Landslide-prone,21.2,53243,5647,1298,396,42268,6699,34602,55.89,2,551.7,84536,1862,96,212
2024-04-17,2024,4,Pauri Garhwal,Flood,2,Medium,Flood-prone,190.5,4443,18,102,7,2104,39,236,1.37,1,26.54,4208,103,2,11
2024-04-21,2024,4,Rudraprayag,Landslide,1,High,Landslide-prone,20.7,1512,5,104,10,1628,14,200,2.42,0,19.78,3256,104,2,9
2024-05-22,2024,5,Haridwar,Cloudburst,3,Low,Flood-prone,210.7,126,1,9,0,477,2,21,0.66,0,3.02,954,9,1,3
2024-06-12,2024,6,Rudraprayag,Flood,1,High,Flood-prone,231.5,100877,4082,3116,112,99562,6142,49612,100.48,8,1448.38,199124,3524,64,498
2024-06-16,2024,6,Pauri Garhwal,Landslide,1,Medium,Landslide-prone,105.7,269,2,11,1,99,3,3,0.89,0,1.45,198,11,2,1
2024-06-21,2024,6,Rudraprayag,Flood,1,High,Flood-prone,186.2,1920,18,101,11,3127,44,167,4.0,1,6.2,6254,102,3,16
2024-07-17,2024,7,Chamoli,Flood,1,High,Flood-prone,162.1,31294,278,402,28,9615,162,3983,11.54,1,138.74,19230,429,5,49
2024-07-27,2024,7,Udham Singh Nagar,Flash Flood,1,Low,Flood-prone,207.6,441,0,4,1,118,6,0,0.73,0,1.88,236,4,2,1
2024-07-28,2024,7,Pithoragarh,Earthquake,1,High,Seismic,58.0,2372,16,116,6,2121,37,57,1.78,1,11.38,4242,117,2,11
2024-07-29,2024,7,Chamoli,Flash Flood,2,High,Flood-prone,97.8,784,3,5,3,329,4,45,0.94,0,4.73,658,5,2,2
2024-08-02,2024,8,Nainital,Flash Flood,1,Medium,Flood-prone,204.9,393,2,13,1,272,2,36,0.49,0,0.88,544,13,2,2
2024-09-06,2024,9,Almora,Landslide,1,Medium,Landslide-prone,94.4,759,1,8,1,433,3,11,0.23,0,3.2,866,8,2,3
2024-09-15,2024,9,Bageshwar,Flood,2,High,Flood-prone,143.9,17678,97,96,6,16802,262,2217,8.87,3,66.67,33604,105,4,85
2024-09-21,2024,9,Udham Singh Nagar,Flood,5,Low,Flood-prone,323.3,2016,13,78,4,1397,23,187,5.18,0,28.23,2794,79,2,7
2024-11-13,2024,11,Champawat,Cloudburst,1,Medium,Flood-prone,259.0,211,2,12,1,521,5,11,1.48,0,1.41,1042,12,2,3
2024-12-03,2024,12,Dehradun,Flood,1,Low,Flood-prone,193.9,2546,8,105,7,1455,32,93,3.95,0,29.88,2910,105,2,8
2024-12-16,2024,12,Rudraprayag,Flood,1,High,Flood-prone,178.9,891,0,9,1,429,2,16,0.19,0,1.23,858,9,2,3
2024-12-23,2024,12,Rudraprayag,Earthquake,5,High,Seismic,37.9,17518,138,213,41,6685,225,2334,2.13,1,59.43,13370,226,7,34
2024-12-23,2024,12,Uttarkashi,Flash Flood,1,High,Flood-prone,231.5,372,3,16,2,527,1,13,1.45,0,3.72,1054,16,2,3
2025-01-08,2025,1,Bageshwar,Cloudburst,1,High,Flood-prone,305.7,18137,86,206,47,8344,438,2122,15.28,3,196.53,16688,214,9,42
2025-01-24,2025,1,Tehri Garhwal,Flash Flood,2,Medium,Flood-prone,96.6,194,3,2,0,241,3,22,0.19,0,1.57,482,2,1,2
2025-02-22,2025,2,Almora,Flood,1,Medium,Flood-prone,134.7,313,0,7,0,432,2,39,0.96,0,1.1,864,7,1,3
2025-02-24,2025,2,Chamoli,Cloudburst,3,High,Flood-prone,267.9,279,1,14,1,112,2,1,0.72,0,1.03,224,14,2,1
2025-03-17,2025,3,Champawat,Cloudburst,1,Medium,Flood-prone,232.4,38844,151,615,13,11815,702,2457,18.51,1,36.64,23630,630,8,60
2025-03-18,2025,3,Champawat,Flood,1,Medium,Flood-prone,170.9,641,2,13,1,359,4,16,0.2,0,3.9,718,13,2,2
2025-03-24,2025,3,Dehradun,Avalanche,5,Low,Landslide-prone,46.2,697,1,9,0,349,3,21,1.49,0,2.17,698,9,1,2
2025-04-09,2025,4,Pithoragarh,Cloudburst,1,High,Flood-prone,236.1,732,1,8,1,187,5,42,0.56,0,4.54,374,8,2,1
2025-04-13,2025,4,Chamoli,Flash Flood,1,High,Flood-prone,117.0,440,4,16,2,370,2,13,0.08,0,4.16,740,16,2,2
2025-04-19,2025,4,Tehri Garhwal,Landslide,1,Medium,Landslide-prone,40.8,347,0,3,1,522,5,25,0.28,0,4.16,1044,3,2,3
2025-04-22,2025,4,Tehri Garhwal,Flash Flood,1,Medium,Flood-prone,155.3,171,0,11,0,502,4,3,0.13,0,2.18,1004,11,1,3
2025-05-09,2025,5,Uttarkashi,Flood,1,High,Flood-prone,129.4,566,3,10,1,538,3,3,0.85,0,2.28,1076,10,2,3
2025-05-31,2025,5,Uttarkashi,Avalanche,1,High,Landslide-prone,0.0,3883,19,17,5,2238,38,301,4.12,0,4.91,4476,18,2,12
2025-06-08,2025,6,Bageshwar,Cloudburst,2,High,Flood-prone,423.6,738,2,13,1,555,1,24,0.01,0,2.15,1110,13,2,3
2025-06-18,2025,6,Rudraprayag,Landslide,2,High,Landslide-prone,73.1,386,1,14,1,548,3,16,1.21,0,1.51,1096,14,2,3
2025-06-20,2025,6,Udham Singh Nagar,Landslide,1,Low,Landslide-prone,85.5,4698,7,51,4,1430,39,285,1.82,0,8.33,2860,51,2,8
2025-06-27,2025,6,Chamoli,Flood,1,High,Flood-prone,281.0,359,2,15,2,605,2,9,0.73,0,2.72,1210,15,2,4
2025-06-29,2025,6,Bageshwar,Landslide,1,High,Landslide-prone,178.4,1069,21,42,4,261,22,171,0.81,1,28.03,522,44,2,2
2025-07-18,2025,7,Pithoragarh,Avalanche,1,High,Landslide-prone,137.4,481,1,3,0,514,2,19,1.09,0,1.22,1028,3,1,3
2025-07-21,2025,7,Champawat,Flood,1,Medium,Flood-prone,241.4,138,2,8,2,261,1,33,0.82,0,3.74,522,8,2,2
2025-07-28,2025,7,Champawat,Flood,4,Medium,Flood-prone,185.5,520,2,14,1,596,4,8,1.4,0,4.18,1192,14,2,3
2025-08-07,2025,8,Pithoragarh,Cloudburst,1,High,Flood-prone,204.7,2424,11,134,12,1821,75,169,3.12,0,20.29,3642,135,3,10
2025-08-08,2025,8,Dehradun,Flash Flood,1,Low,Flood-prone,242.6,539,0,11,2,424,4,39,0.34,0,3.25,848,11,2,3
2025-08-09,2025,8,Chamoli,Flood,1,High,Flood-prone,273.7,244,2,15,1,62,1,29,1.47,0,1.67,124,15,2,1
2025-08-19,2025,8,Almora,Landslide,2,Medium,Landslide-prone,105.4,3436,22,118,8,1370,28,232,1.81,0,12.57,2740,120,2,7
2025-09-02,2025,9,Pithoragarh,Flood,1,High,Flood-prone,270.3,825,1,11,2,658,3,20,0.42,0,1.14,1316,11,2,4
2025-10-03,2025,10,Pauri Garhwal,Flood,1,Medium,Flood-prone,130.8,328,2,2,0,521,1,33,0.42,0,3.62,1042,2,1,3
2025-10-26,2025,10,Dehradun,Cloudburst,4,Low,Flood-prone,346.5,353,2,1,1,552,3,35,1.09,0,4.56,1104,1,2,3
2025-11-07,2025,11,Chamoli,Landslide,2,High,Landslide-prone,34.0,704,2,5,1,394,4,32,0.92,0,1.1,788,5,2,2
2025-11-09,2025,11,Almora,Flood,1,Medium,Flood-prone,198.7,725,1,9,1,375,4,9,0.77,0,2.23,750,9,2,2
2025-11-15,2025,11,Nainital,Flood,3,Medium,Flood-prone,187.1,469,1,15,2,407,4,29,0.89,0,2.55,814,15,2,3
2025-11-30,2025,11,Chamoli,Flood,1,High,Flood-prone,141.7,3181,15,125,6,1502,70,82,2.82,0,22.98,3004,126,2,8
